Reference,Qty,Value,DNP,Exclude from BOM,Exclude from Board,Footprint,Datasheet
BT1,1,Battery_Cell,,,,Battery:BatteryHolder_Seiko_MS621F,~
"C1,C4",2,10uF,,,,Capacitor_SMD:C_0603_1608Metric,~
C2,1,2.2uF,,,,Capacitor_SMD:C_0603_1608Metric,~
"D1,D2",2,LED,,,,LED_SMD:LED_0805_2012Metric,~
D3,1,LED,,,,LED_SMD:LED_0201_0603Metric,~
L1,1,2.2uH,,,,Inductor_SMD:L_0805_2012Metric,~
R1,1,Ik5,,,,Resistor_SMD:R_0201_0603Metric,~
R2,1,1k,,,,Resistor_SMD:R_0201_0603Metric,~
TH1,1,Thermistor,,,,Resistor_SMD:R_0201_0603Metric,~
U1,1,nPM1100-QDXX,,,,Package_DFN_QFN:QFN-24-1EP_4x4mm_P0.5mm_EP2.6x2.6mm_ThermalVias,https://docs-be.nordicsemi.com/bundle/ps_npm1100/attach/nPM1100_PS_v1.4.pdf?_LANG=enus
